,Compound, Mw, Actual Weight (mg),mols,VolDMSO (mM),Vol DMSO to add to make 50 mM
0,Lauric acid,222.3,15,1.7543859649122806e-05,1.7543859649122806,0.3508771929824561
1,Sodium Dodecyl Sulfate,288.4,7.1,2.4618585298196947e-05,2.4618585298196947,0.4923717059639389
2,Plamitic Acid,256.42,19.6,7.643709539037516e-05,7.643709539037516,1.528741907807503
3,N-Palmitoglycine,313.48,0.7,2.2329973204032153e-06,0.22329973204032152,0.044659946408064304
4,4-PhenylImidazole,144.18,12.6,8.739076154806491e-05,8.73907615480649,1.7478152309612982
5,Arachadonic Acid,304.48,5.2,1.7078297425118234e-05,1.7078297425118234,0.34156594850236466
