ligand,km,vmax,rsq,column_num,protein_concentration,a420_max,auc_mean,auc_cv,std_405,dd_soret,experiment_number,protein_days_thawed,plate_type,centrifuge_rpm,centrifuge_minutes,file,hours_before_reading
,6.753271379820327,0.0340922593001664,-2.139873820607027,1,15.14,0.26299999999999996,20.325249999999997,0.1311460452998752,0.009738546386103305,0.004564364916432112,9,5,Corning 3660,2,3700,20190701.CSV,0
,8.136992801983153e-06,0.007857126556687985,-0.13574833486288163,2,15.14,0.359,28.95418750000002,0.14865441803244347,0.009818895777311933,0.0025355846774665495,9,5,Corning 3660,2,3700,20190701.CSV,0
Arachadionic Acid,93.34449736621593,0.34829422429091333,-2.67894012887554,3,15.14,0.32799999999999996,31.641687499999993,0.11087612737149437,0.015182226450688962,-0.037171622984867154,9,5,Corning 3660,2,3700,20190701.CSV,0
Arachadionic Acid,88.93756810987709,0.3510342059555899,-2.6378019637506767,4,15.14,0.33499999999999996,33.316,0.10297188430687414,0.012221176001397854,-0.031087802417963835,9,5,Corning 3660,2,3700,20190701.CSV,0
Lauric Acid,30.38570823599457,0.08930376784994054,-2.5833601396688546,5,15.14,0.345,29.895125000000018,0.08216863766830573,0.0086972902183874,-0.006291078634196936,9,5,Corning 3660,2,3700,20190701.CSV,0
Lauric Acid,42.02934033242065,0.08127936953274502,-2.679206661632544,6,15.14,0.358,29.9876875,0.0898998344379935,0.011042127124271457,-0.019765372984361214,9,5,Corning 3660,2,3700,20190701.CSV,0
Palmitic Acid,10.039077108894988,0.014703401733918937,-1.0739419989627983,7,15.14,0.346,27.684500000000014,0.06970361778436432,0.004342481186734472,0.00036738910944316284,9,5,Corning 3660,2,3700,20190701.CSV,0
Palmitic Acid,4.367262982122663,0.017393382953046356,-1.1332416418147293,8,15.14,0.355,29.11331250000001,0.1502867037806729,0.0060222800618085865,0.0008505040256377327,9,5,Corning 3660,2,3700,20190701.CSV,0
4-Phenylimidazole,0.8606486341058006,0.004266518397502183,-0.37701896619682485,9,15.14,0.297,29.28131250000004,0.1694698368617529,0.00592814112035612,0.0035452620964572567,9,5,Corning 3660,2,3700,20190701.CSV,0
