ligand,km,vmax,rsq,column_num,protein_concentration,a420_max,auc_mean,auc_cv,std_405,dd_soret,experiment_number,protein_days_thawed,plate_type,centrifuge_rpm,centrifuge_minutes,file,hours_before_reading
,3.075450044634094e-10,0.02342857028197979,0.5558222422187704,1,15.14,0.26299999999999996,20.325249999999997,0.1311460452998752,0.009738546386103305,0.004564364916432112,9,5,Corning 3660,2,3700,20190701.CSV,0
,1.9863178722503495e-10,0.00714285680434389,0.27890214338959096,2,15.14,0.359,28.95418750000002,0.14865441803244347,0.009818895777311933,0.0025355846774665495,9,5,Corning 3660,2,3700,20190701.CSV,0
Arachadionic Acid,2.256402056057957e-16,0.1042857142857136,0.07297246867061902,3,15.14,0.32799999999999996,31.641687499999993,0.11087612737149437,0.015182226450688962,-0.037171622984867154,9,5,Corning 3660,2,3700,20190701.CSV,0
Arachadionic Acid,3.6344116059996106e-13,0.10771428541453633,0.0781699127836557,4,15.14,0.33499999999999996,33.316,0.10297188430687414,0.012221176001397854,-0.031087802417963835,9,5,Corning 3660,2,3700,20190701.CSV,0
Lauric Acid,4.928102705837772e-14,0.04299999998009803,0.22042406985612073,5,15.14,0.345,29.895125000000018,0.08216863766830573,0.0086972902183874,-0.006291078634196936,9,5,Corning 3660,2,3700,20190701.CSV,0
Lauric Acid,8.745532617049964e-11,0.034857140922176275,0.17057774050437002,6,15.14,0.358,29.9876875,0.0898998344379935,0.011042127124271457,-0.019765372984361214,9,5,Corning 3660,2,3700,20190701.CSV,0
Palmitic Acid,1.0775760444121099e-12,0.009857142840485219,0.30312499885484157,7,15.14,0.346,27.684500000000014,0.06970361778436432,0.004342481186734472,0.00036738910944316284,9,5,Corning 3660,2,3700,20190701.CSV,0
Palmitic Acid,2.361248377921117e-12,0.012999999986954463,0.4998139176257862,8,15.14,0.355,29.11331250000001,0.1502867037806729,0.0060222800618085865,0.0008505040256377327,9,5,Corning 3660,2,3700,20190701.CSV,0
4-Phenylimidazole,7.195147129964883e-06,0.0035714130923689253,0.25527846060416726,9,15.14,0.297,29.28131250000004,0.1694698368617529,0.00592814112035612,0.0035452620964572567,9,5,Corning 3660,2,3700,20190701.CSV,0
