ligand,km,vmax,rsq,column_num,protein_concentration,a420_max,auc_mean,auc_cv,std_405,dd_soret,experiment_number,protein_days_thawed,plate_type,centrifuge_rpm,centrifuge_minutes,file,hours_before_reading
,6.753271550067481,0.03409225939523513,-2.1398738361205747,1,15.14,0.26299999999999996,20.325249999999997,0.1311460452998753,0.009738546386103301,0.00456436491804582,9,5,Corning 3660,2,3700,20190701.CSV,0
,8.136940132434742e-06,0.00785712655674377,-0.135748334863401,2,15.14,0.359,28.95418750000002,0.14865441803244364,0.009818895777311928,0.0025355846774665495,9,5,Corning 3660,2,3700,20190701.CSV,0
Arachadionic Acid,93.34449728119199,0.34829422420032574,-2.678940128577641,3,15.14,0.328,31.641687499999996,0.11087612737149456,0.015182226450688965,-0.03717162298394286,9,5,Corning 3660,2,3700,20190701.CSV,0
Arachadionic Acid,88.93756852423604,0.3510342064805885,-2.637801966015249,4,15.14,0.33499999999999996,33.31600000000001,0.10297188430687426,0.012221176001397847,-0.03108780241992086,9,5,Corning 3660,2,3700,20190701.CSV,0
Lauric Acid,30.385708074413518,0.0893037677539962,-2.583360135372274,5,15.14,0.345,29.895125000000014,0.08216863766830579,0.008697290218387407,-0.006291078631449515,9,5,Corning 3660,2,3700,20190701.CSV,0
Lauric Acid,42.02934033242065,0.08127936953274502,-2.679206661632544,6,15.14,0.358,29.987687500000003,0.08989983443799346,0.011042127124271457,-0.01976537298456886,9,5,Corning 3660,2,3700,20190701.CSV,0
Palmitic Acid,10.039076835908512,0.014703401681570085,-1.0739419856995358,7,15.14,0.346,27.68450000000001,0.06970361778436418,0.004342481186734484,0.0003673891128527187,9,5,Corning 3660,2,3700,20190701.CSV,0
Palmitic Acid,4.367263283841293,0.017393383059131087,-1.1332416614415468,8,15.14,0.355,29.11331250000001,0.1502867037806732,0.006022280061808584,0.0008505040256376902,9,5,Corning 3660,2,3700,20190701.CSV,0
4-Phenylimidazole,0.8606499902195044,0.004266518576639253,-0.3770189907836077,9,15.14,0.297,29.28131250000005,0.16946983686175296,0.005928141120356121,0.003545262096457261,9,5,Corning 3660,2,3700,20190701.CSV,0
