ligand,km,vmax,rsq,column_num,protein_concentration,a420_max,auc_mean,auc_cv,std_405,dd_soret,experiment_number,protein_days_thawed,centrifuge_rpm,centrifuge_minutes,file,plate_type
,2.0760306465521347e-08,0.010714269618652857,0.5033535450211536,13,5.9,0.137,12.7748125,0.2124942296764799,0.004496029994816063,-0.005617187500041627,4,0,4,4000,data/20190618_Assay2.csv,Thermo Polystyrene (262160)
Lauric acid,2.1524362951312647e-09,0.012285712456614348,0.5723250684718875,14,5.9,0.136,11.510937500000002,0.3595038234132545,0.0065683222471843725,-0.003331955643359917,4,0,4,4000,data/20190618_Assay2.csv,Thermo Polystyrene (262160)
Lauric acid,7.761718652440677e-13,0.01728571425862334,0.5794330432118802,15,5.9,0.146,12.918437500000014,0.3284439702162783,0.007890998488331946,-0.006039616937510359,4,0,4,4000,data/20190618_Assay2.csv,Thermo Polystyrene (262160)
Arachadionic acid,2.661211922388384e-11,0.023142856900203842,0.6116792969464916,16,5.9,0.142,12.645812500000002,0.3173616694562582,0.007126409634992529,-0.005270564518500675,4,0,4,4000,data/20190618_Assay2.csv,Thermo Polystyrene (262160)
Arachadionic acid,1.3858536379991186e-11,0.01914285659454401,0.0058076311848996864,17,5.9,0.13699999999999998,10.849375000000013,0.3184311011170452,0.010363914042759817,0.002532762100449894,4,0,4,4000,data/20190618_Assay2.csv,Thermo Polystyrene (262160)
4-Phenylimidazole,8.431437285084398e-14,0.022428571404933047,0.05674551204909051,18,5.9,0.13499999999999998,9.233562499999998,0.455639171748475,0.010964227547542305,-0.004991179436298473,4,0,4,4000,data/20190618_Assay2.csv,Thermo Polystyrene (262160)
4-Phenylimidazole,3.1864007630090074e-09,0.00414285632595713,0.2590011349525102,19,5.9,0.12,10.864374999999999,0.3320982126599628,0.008053393251117372,-0.0016691532294626648,4,0,4,4000,data/20190618_Assay2.csv,Thermo Polystyrene (262160)
